accuracy,precision,detection_rate,f1,far
0.8215387600659746,0.8260001339802528,0.8215387600659746,0.7941436754587244,0.02256684113469166
