{
  "model": "cnn_lstm",
  "mode": "binary",
  "accuracy": 0.8823543701112568,
  "precision": 0.8970350944184449,
  "detection_rate": 0.8823543701112568,
  "f1": 0.8798324020131921,
  "false_alarm_rate": 0.24375675675675676,
  "roc_auc": 0.98396587280389
}