accuracy,precision,detection_rate,f1,far,auc
0.8443011222853811,0.7854371148139694,0.9867863760698844,0.874673705821968,0.3302702702702703,0.9723927286613359
