accuracy,precision,detection_rate,f1,far,auc
0.9393033860483166,0.9629134958844541,0.9412782753909215,0.9519729771226777,0.06419354838709677,0.9890340455540482
