{"accuracy": [0.9184513092041016, 0.9250313639640808, 0.9284746646881104, 0.9310625195503235, 0.9316185712814331, 0.933194100856781, 0.9342705607414246, 0.9342777132987976, 0.9349905848503113, 0.9355395436286926, 0.9366374015808105, 0.935867428779602], "loss": [0.17420655488967896, 0.14937551319599152, 0.14170081913471222, 0.1380235105752945, 0.13561801612377167, 0.1337466835975647, 0.13224638998508453, 0.1311688870191574, 0.13006485998630524, 0.12919512391090393, 0.12830238044261932, 0.1282937228679657], "val_accuracy": [0.991901695728302, 0.9901622533798218, 0.9735093712806702, 0.9817502498626709, 0.9876814484596252, 0.9897345304489136, 0.9871681332588196, 0.9878525137901306, 0.988080620765686, 0.9852005839347839, 0.9844306707382202, 0.988650918006897], "val_loss": [0.04463958367705345, 0.02947436086833477, 0.0458708256483078, 0.033527109771966934, 0.02807290107011795, 0.02913823537528515, 0.026448402553796768, 0.03202958405017853, 0.030653683468699455, 0.03179309144616127, 0.030433502048254013, 0.029404813423752785]}